"P_C","P_N","P_CN","P_R","Error"
0.662042986588399,0.0476872864997429,0.166522965007957,0,0.123746761903901
